Full_Name,Team,Position,Overall
Davante Adams,Packers,WR,99
Patrick Mahomes,Chiefs,QB,99
Travis Kelce,Chiefs,TE,99
Aaron Donald,Rams,RE,99
Jalen Ramsey,Rams,CB,99
DeAndre Hopkins,Cardinals,WR,98
Myles Garrett,Browns,RE,98
Zack Martin,Cowboys,RG,98
Tyreek Hill,Chiefs,WR,98
Stefon Diggs,Bills,WR,97
Christian McCaffrey,Panthers,HB,97
Stephon Gilmore,Patriots,CB,97
Tom Brady,Buccaneers,QB,97
Khalil Mack,Bears,LOLB,96
Nick Chubb,Browns,HB,96
Aaron Rodgers,Packers,QB,96
David Bakhtiari,Packers,LT,96
George Kittle,49ers,TE,96
Derrick Henry,Titans,HB,96
Jaire Alexander,Packers,CB,95
Quenton Nelson,Colts,LG,95
Tyrann Mathieu,Chiefs,SS,95
Dalvin Cook,Vikings,HB,95
Terron Armstead,Saints,LT,95
Julio Jones,Titans,WR,95
Chandler Jones,Cardinals,LOLB,94
J.J. Watt,Cardinals,LE,94
Alvin Kamara,Saints,HB,94
Michael Thomas,Saints,WR,94
Fletcher Cox,Eagles,DT,94
T.J. Watt,Steelers,LOLB,94
Fred Warner,49ers,MLB,94
Trent Williams,49ers,LT,94
Russell Wilson,Seahawks,QB,94
Budda Baker,Cardinals,SS,93
Ronnie Stanley,Ravens,LT,93
Tre'Davious White,Bills,CB,93
Von Miller,Broncos,LOLB,93
Darren Waller,Raiders,TE,93
Keenan Allen,Chargers,WR,93
Cameron Jordan,Saints,LE,93
Lavonte David,Buccaneers,MLB,93
Rodney Hudson,Cardinals,C,92
Marlon Humphrey,Ravens,CB,92
Amari Cooper,Cowboys,WR,92
DeForest Buckner,Colts,DT,92
Chris Jones,Chiefs,DT,92
Joey Bosa,Chargers,LOLB,92
Devin McCourty,Patriots,FS,92
Brandon Brooks,Eagles,RG,92
Cameron Heyward,Steelers,RE,92
Bobby Wagner,Seahawks,MLB,92
Lamar Jackson,Ravens,QB,91
Jessie Bates III,Bengals,FS,91
Tyron Smith,Cowboys,LT,91
Justin Simmons,Broncos,FS,91
Aaron Jones,Packers,HB,91
Xavien Howard,Dolphins,CB,91
Michael Pierce,Vikings,DT,91
Demario Davis,Saints,MLB,91
Jason Kelce,Eagles,C,91
Mike Evans,Buccaneers,WR,91
Calais Campbell,Ravens,RE,90
Allen Robinson II,Bears,WR,90
Deshaun Watson,Texans,QB,90
Eric Kendricks,Vikings,MLB,90
Harrison Smith,Vikings,SS,90
James Bradberry IV,Giants,CB,90
Saquon Barkley,Giants,HB,90
Nick Bosa,49ers,RE,90
Jamal Adams,Seahawks,SS,90
Ali Marpet,Buccaneers,LG,90
Eddie Jackson,Bears,FS,89
Denzel Ward,Browns,CB,89
Odell Beckham Jr,Browns,WR,89
Wyatt Teller,Browns,RG,89
Adrian Amos,Packers,SS,89
Kenny Clark,Packers,DT,89
Za'Darius Smith,Packers,LOLB,89
Laremy Tunsil,Texans,LT,89
Darius Leonard,Colts,LOLB,89
Josh Jacobs,Raiders,HB,89
Richie Incognito,Raiders,LG,89
Danielle Hunter,Vikings,LE,89
Ryan Ramczyk,Saints,RT,89
Minkah Fitzpatrick,Steelers,FS,89
Stephon Tuitt,Steelers,LE,89
D.K. Metcalf,Seahawks,WR,89
Ryan Jensen,Buccaneers,C,89
Tristan Wirfs,Buccaneers,RT,89
Kendall Fuller,Football Team,CB,89
Terry McLaurin,Football Team,WR,89
Calvin Ridley,Falcons,WR,88
Grady Jarrett,Falcons,RE,88
Marcus Peters,Ravens,CB,88
Mark Andrews,Ravens,TE,88
Josh Allen,Bills,QB,88
Micah Hyde,Bills,FS,88
Akiem Hicks,Bears,LE,88
Roquan Smith,Bears,MLB,88
Joe Mixon,Bengals,HB,88
Joel Bitonio,Browns,LG,88
Ezekiel Elliott,Cowboys,HB,88
Frank Ragnow,Lions,C,88
Corey Linsley,Chargers,C,88
Derwin James Jr,Chargers,SS,88
Byron Jones,Dolphins,CB,88
Adam Thielen,Vikings,WR,88
Darius Slay Jr,Eagles,CB,88
Lane Johnson,Eagles,RT,88
Tyler Lockett,Seahawks,WR,88
Shaquil Barrett,Buccaneers,LOLB,88
Vita Vea,Buccaneers,DT,88
Kevin Byard,Titans,FS,88
Jonathan Allen,Football Team,DT,88
Justin Tucker,Ravens,K,87
Jordan Poyer,Bills,SS,87
Brian Burns,Panthers,LE,87
Robby Anderson,Panthers,WR,87
Kareem Hunt,Browns,HB,87
Dak Prescott,Cowboys,QB,87
DeMarcus Lawrence,Cowboys,LE,87
La'el Collins,Cowboys,RT,87
Kyle Fuller,Broncos,CB,87
Ryan Kelly,Colts,C,87
Bryan Bulaga,Chargers,RT,87
Chris Harris Jr,Chargers,CB,87
Robert Woods,Rams,WR,87
Justin Jefferson,Vikings,WR,87
Dont'a Hightower,Patriots,MLB,87
Hunter Henry,Patriots,TE,87
Marshon Lattimore,Saints,CB,87
Kyle Juszczyk,49ers,FB,87
Chris Carson,Seahawks,HB,87
Chris Godwin,Buccaneers,WR,87
Ryan Tannehill,Titans,QB,87
Brandon Scherff,Football Team,RG,87
Da'Ron Payne,Football Team,DT,87
Deion Jones,Falcons,MLB,86
Cole Beasley,Bills,WR,86
Austin Hooper,Browns,TE,86
John Johnson III,Browns,SS,86
Bryce Callahan,Broncos,CB,86
Kareem Jackson,Broncos,SS,86
Elgton Jenkins,Packers,LG,86
James Robinson,Jaguars,HB,86
Myles Jack,Jaguars,MLB,86
Casey Hayward Jr,Raiders,CB,86
Andrew Whitworth,Rams,LT,86
Cooper Kupp,Rams,WR,86
Johnny Hekker,Rams,P,86
Shaq Mason,Patriots,RG,86
Trent Brown,Patriots,RT,86
Quinnen Williams,Jets,DT,86
Alex Mack,49ers,C,86
Raheem Mostert,49ers,HB,86
Antonio Brown,Buccaneers,WR,86
Rob Gronkowski,Buccaneers,TE,86
A.J. Brown,Titans,WR,86
Chase Young,Football Team,RE,86
Matthew Ioannidis,Football Team,DT,86
William Jackson III,Football Team,CB,86
Matt Ryan,Falcons,QB,85
Brandon Williams,Ravens,DT,85
Taylor Moton,Panthers,RT,85
Tyler Boyd,Bengals,WR,85
Bradley Chubb,Broncos,ROLB,85
Melvin Gordon III,Broncos,HB,85
T.J. Hockenson,Lions,TE,85
Brandin Cooks,Texans,WR,85
Shaquill Griffin,Jaguars,CB,85
Austin Ekeler,Chargers,HB,85
Jason Sanders,Dolphins,K,85
Mike Gesicki,Dolphins,TE,85
Will Fuller V,Dolphins,WR,85
David Andrews,Patriots,C,85
JC Jackson,Patriots,CB,85
Kenny Golladay,Giants,WR,85
Marcus Maye,Jets,SS,85
Brandon Graham,Eagles,LE,85
Devin White,Buccaneers,MLB,85
Ndamukong Suh,Buccaneers,RE,85
Brett Kern,Titans,P,85
Rodger Saffold III,Titans,LG,85
Taylor Lewan,Titans,LT,85
Sam Koch,Ravens,P,84
D.J. Moore,Panthers,WR,84
Baker Mayfield,Browns,QB,84
Jadeveon Clowney,Browns,LE,84
Jarvis Landry,Browns,WR,84
JC Tretter,Browns,C,84
Garett Bolles,Broncos,LT,84
Bradley Roby,Texans,CB,84
Braden Smith,Colts,RT,84
Kenny Moore II,Colts,CB,84
Marlon Mack,Colts,HB,84
Brandon Linder,Jaguars,C,84
Clyde Edwards-Helaire,Chiefs,HB,84
Harrison Butker,Chiefs,K,84
Joe Thuney,Chiefs,LG,84
Jared Cook,Chargers,TE,84
Linval Joseph,Chargers,DT,84
Darious Williams,Rams,CB,84
DeVante Parker,Dolphins,WR,84
C.J. Gardner-Johnson,Saints,SS,84
Marcus Williams,Saints,FS,84
Leonard Williams,Giants,RE,84
C.J. Mosley,Jets,MLB,84
Dallas Goedert,Eagles,TE,84
JuJu Smith-Schuster,Steelers,WR,84
Arik Armstead,49ers,LE,84
Jason Verrett,49ers,CB,84
Jimmie Ward,49ers,FS,84
Jason Pierre-Paul,Buccaneers,ROLB,84
Rashaan Evans,Titans,MLB,84
Kevin Zeitler,Ravens,RG,83
Emmanuel Sanders,Bills,WR,83
Jerry Hughes,Bills,RE,83
Tremaine Edmunds,Bills,MLB,83
A.J. Bouye,Panthers,CB,83
Noah Fant,Broncos,TE,83
Desmond King II,Texans,CB,83
Justin Reid,Texans,FS,83
Phillip Lindsay,Texans,HB,83
Grover Stewart,Colts,DT,83
Jonathan Taylor,Colts,HB,83
T.Y. Hilton,Colts,WR,83
Josh Lambo,Jaguars,K,83
Marvin Jones Jr,Jaguars,WR,83
Kenyan Drake,Raiders,HB,83
Matthew Stafford,Rams,QB,83
Sebastian Joseph-Day,Rams,DT,83
Jonathan Jones,Patriots,CB,83
Erik McCoy,Saints,C,83
Evan Engram,Giants,TE,83
Logan Ryan,Giants,FS,83
Carl Lawson,Jets,RE,83
Corey Davis,Jets,WR,83
Eric Ebron,Steelers,TE,83
Tyson Alualu,Steelers,DT,83
Duane Brown,Seahawks,LT,83
Antoine Winfield Jr,Buccaneers,FS,83
Carlton Davis III,Buccaneers,CB,83
Jeffery Simmons,Titans,LE,83
Curtis Samuel,Football Team,WR,83
Tress Way,Football Team,P,83
Byron Murphy Jr,Cardinals,CB,82
Kyler Murray,Cardinals,QB,82
Jimmy Smith,Ravens,CB,82
Donte Jackson,Panthers,CB,82
Haason Reddick,Panthers,RE,82
David Montgomery,Bears,HB,82
Eddie Goldman,Bears,DT,82
D.J. Reader,Bengals,DT,82
Mike Hilton,Bengals,CB,82
Michael Gallup,Cowboys,WR,82
Courtland Sutton,Broncos,WR,82
Michael Brockers,Lions,RE,82
J.K. Scott,Packers,P,82
Andrew Norwell,Jaguars,LG,82
Josh Allen,Jaguars,ROLB,82
Orlando Brown Jr,Chiefs,LT,82
John Brown,Raiders,WR,82
Mike Williams,Chargers,WR,82
Cam Akers,Rams,HB,82
Tyler Higbee,Rams,TE,82
Emmanuel Ogbah,Dolphins,LE,82
Sheldon Richardson,Vikings,DT,82
Matthew Judon,Patriots,LOLB,82
David Onyemata,Saints,DT,82
Malcolm Jenkins,Saints,SS,82
Graham Gano,Giants,K,82
Kyle Rudolph,Giants,TE,82
Sterling Shepard,Giants,WR,82
Mekhi Becton,Jets,LT,82
Dee Ford,49ers,LE,82
Deebo Samuel,49ers,WR,82
Jaquiski Tartt,49ers,SS,82
Quandre Diggs,Seahawks,FS,82
Jayon Brown,Titans,MLB,82
Antonio Gibson,Football Team,HB,82
Montez Sweat,Football Team,LE,82
Jake Matthews,Falcons,LT,81
Kyle Pitts,Falcons,TE,81
Mike Davis,Falcons,HB,81
Younghoe Koo,Falcons,K,81
J.K. Dobbins,Ravens,HB,81
Patrick Ricard,Ravens,FB,81
Dion Dawkins,Bills,LT,81
Ed Oliver,Bills,DT,81
CeeDee Lamb,Cowboys,WR,81
Alexander Johnson,Broncos,MLB,81
Dalton Risner,Broncos,LG,81
Trey Flowers,Lions,ROLB,81
Rashan Gary,Packers,LOLB,81
Xavier Rhodes,Colts,CB,81
D.J. Chark Jr,Jaguars,WR,81
Derrick Nnadi,Chiefs,DT,81
Derek Carr,Raiders,QB,81
Nick Kwiatkoski,Raiders,MLB,81
Eric Rowe,Dolphins,SS,81
Dalvin Tomlinson,Vikings,DT,81
Patrick Peterson,Vikings,CB,81
Isaiah Wynn,Patriots,LT,81
Jonnu Smith,Patriots,TE,81
Adoree' Jackson,Giants,CB,81
Dexter Lawrence II,Giants,LE,81
Jabrill Peppers,Giants,SS,81
Anthony Harris,Eagles,FS,81
Miles Sanders,Eagles,HB,81
Chris Boswell,Steelers,K,81
Diontae Johnson,Steelers,WR,81
Joe Haden,Steelers,CB,81
Michael Dickson,Seahawks,P,81
Ronald Jones II,Buccaneers,HB,81
Ben Jones,Titans,C,81
Bud Dupree,Titans,LOLB,81
James Conner,Cardinals,HB,80
Matt Prater,Cardinals,K,80
DeShon Elliott,Ravens,FS,80
Marquise Brown,Ravens,WR,80
Sammy Watkins,Ravens,WR,80
Matt Milano,Bills,ROLB,80
Mitch Morse,Bills,C,80
Jeremy Chinn,Panthers,FS,80
Cody Whitehair,Bears,C,80
Damien Williams,Bears,HB,80
Trey Hendrickson,Bengals,RE,80
Jedrick Wills Jr,Browns,LT,80
Keanu Neal,Cowboys,SS,80
Leighton Vander Esch,Cowboys,ROLB,80
Ronald Darby,Broncos,CB,80
Shelby Harris,Broncos,RE,80
Jack Fox,Lions,P,80
Darnell Savage,Packers,FS,80
Preston Smith,Packers,ROLB,80
Robert Tonyan,Packers,TE,80
Nyheim Hines,Colts,HB,80
Frank Clark,Chiefs,RE,80
L'Jarius Sneed,Chiefs,CB,80
Trayvon Mullen,Raiders,CB,80
Justin Herbert,Chargers,QB,80
Rob Havenstein,Rams,RT,80
Benardrick McKinney,Dolphins,MLB,80
Kyle Van Noy,Patriots,ROLB,80
Michael Onwenu,Patriots,LG,80
Nelson Agholor,Patriots,WR,80
Latavius Murray,Saints,HB,80
Darius Slayton,Giants,WR,80
Jamison Crowder,Jets,WR,80
Javon Hargrave,Eagles,DT,80
Zach Ertz,Eagles,TE,80
K'Waun Williams,49ers,CB,80
Mike McGlinchey,49ers,RT,80
Robbie Gould,49ers,K,80
Gabe Jackson,Seahawks,LG,80
Jamel Dean,Buccaneers,CB,80
O.J. Howard,Buccaneers,TE,80
Sean Murphy-Bunting,Buccaneers,CB,80
Harold Landry III,Titans,ROLB,80
A.J. Green,Cardinals,WR,79
Christian Kirk,Cardinals,WR,79
Malcolm Butler,Cardinals,CB,79
Markus Golden,Cardinals,ROLB,79
Chris Lindstrom,Falcons,RG,79
Duron Harmon,Falcons,FS,79
Foyesade Oluokun,Falcons,MLB,79
Hayden Hurst,Falcons,TE,79
Derek Wolfe,Ravens,LE,79
Gus Edwards,Ravens,HB,79
Devin Singletary,Bills,HB,79
Taron Johnson,Bills,CB,79
Derrick Brown,Panthers,DT,79
Bilal Nichols,Bears,DT,79
Danny Trevathan,Bears,MLB,79
Desmond Trufant,Bears,CB,79
Ricardo Allen,Bengals,SS,79
Vonn Bell,Bengals,SS,79
David Njoku,Browns,TE,79
Jack Conklin,Browns,RT,79
Ronnie Harrison Jr,Browns,SS,79
Greg Zuerlein,Cowboys,K,79
Jerry Jeudy,Broncos,WR,79
Jamie Collins,Lions,MLB,79
Romeo Okwara,Lions,LOLB,79
Tyrell Williams,Lions,WR,79
Julian Blackmon,Colts,FS,79
Jarran Reed,Chiefs,DT,79
Juan Thornhill,Chiefs,FS,79
Kolton Miller,Raiders,LT,79
DeSean Jackson,Rams,WR,79
Leonard Floyd,Rams,LOLB,79
Jason McCourty,Dolphins,CB,79
Justin Coleman,Dolphins,CB,79
Anthony Barr,Vikings,LOLB,79
Garrett Bradbury,Vikings,C,79
Kirk Cousins,Vikings,QB,79
Mackensie Alexander,Vikings,CB,79
Chase Winovich,Patriots,LE,79
Sony Michel,Patriots,HB,79
Marcus Davenport,Saints,RE,79
Wil Lutz,Saints,K,79
Blake Martinez,Giants,MLB,79
Lamarcus Joyner,Jets,FS,79
Trai Turner,Steelers,RG,79
Laken Tomlinson,49ers,LG,79
Mitch Wishnowsky,49ers,P,79
Tony Jefferson II,49ers,SS,79
Bradley Pinion,Buccaneers,P,79
William Gholston,Buccaneers,LE,79
Janoris Jenkins,Titans,CB,79
Landon Collins,Football Team,SS,79
Isaiah Simmons,Cardinals,SS,78
Justin Pugh,Cardinals,LG,78
Chuck Clark,Ravens,SS,78
Nick Boyle,Ravens,TE,78
Pernell McPhee,Ravens,ROLB,78
Matt Paradis,Panthers,C,78
Shaq Thompson,Panthers,ROLB,78
Jimmy Graham,Bears,TE,78
Tashaun Gipson Sr,Bears,SS,78
Chidobe Awuzie,Bengals,CB,78
Tee Higgins,Bengals,WR,78
Trae Waynes,Bengals,CB,78
Andy Janovich,Browns,FB,78
Brandon McManus,Broncos,K,78
Tim Patrick,Broncos,WR,78
D'Andre Swift,Lions,HB,78
Taylor Decker,Lions,LT,78
Devin Funchess,Packers,WR,78
Mason Crosby,Packers,K,78
Bobby Okereke,Colts,ROLB,78
Jack Doyle,Colts,TE,78
C.J. Henderson,Jaguars,CB,78
Sidney Jones IV,Jaguars,CB,78
Trevor Lawrence,Jaguars,QB,78
Laurent Duvernay-Tardif,Chiefs,RG,78
Mecole Hardman,Chiefs,WR,78
Clelin Ferrell,Raiders,RE,78
Henry Ruggs III,Raiders,WR,78
Johnathan Hankins,Raiders,DT,78
Yannick Ngakoue,Raiders,RE,78
Kenneth Murray Jr,Chargers,MLB,78
Christian Wilkins,Dolphins,RE,78
Jerome Baker,Dolphins,MLB,78
Brian O'Neill,Vikings,RT,78
Adrian Phillips,Patriots,FS,78
James White,Patriots,HB,78
Kyle Dugger,Patriots,SS,78
Lawrence Guy,Patriots,RE,78
Danny Shelton,Giants,DT,78
Sheldon Rankins,Jets,DT,78
Rodney McLeod Jr,Eagles,FS,78
Ben Roethlisberger,Steelers,QB,78
Chase Claypool,Steelers,WR,78
Vince Williams,Steelers,MLB,78
Brandon Aiyuk,49ers,WR,78
Dre Greenlaw,49ers,LOLB,78
Javon Kinlaw,49ers,DT,78
Maurice Hurst,49ers,DT,78
Carlos Dunlap II,Seahawks,RE,78
Leonard Fournette,Buccaneers,HB,78
Charles Leno Jr,Football Team,LT,78
Chase Edmonds,Cardinals,HB,77
Darqueze Dennard,Cardinals,CB,77
A.J. Terrell Jr,Falcons,CB,77
Fabian Moreau,Falcons,CB,77
Alejandro Villanueva,Ravens,RT,77
Ja'Wuan James,Ravens,RT,77
L.J. Fort,Ravens,MLB,77
Tavon Young,Ravens,CB,77
Mario Addison,Bills,RE,77
DaQuan Jones,Panthers,DT,77
Cairo Santos,Bears,K,77
Darnell Mooney,Bears,WR,77
James Daniels,Bears,LG,77
Jaylon Johnson,Bears,CB,77
Joe Burrow,Bengals,QB,77
Larry Ogunjobi,Bengals,DT,77
Jamie Gillan,Browns,P,77
Damontae Kazee,Cowboys,FS,77
Jaylon Smith,Cowboys,LOLB,77
Randy Gregory,Cowboys,RE,77
Tony Pollard,Cowboys,HB,77
Graham Glasgow,Broncos,RG,77
Jamaal Williams,Lions,HB,77
Jared Goff,Lions,QB,77
David Johnson,Texans,HB,77
Mark Ingram II,Texans,HB,77
Randall Cobb,Texans,WR,77
Zach Cunningham,Texans,MLB,77
Khari Willis,Colts,SS,77
Mark Glowinski,Colts,RG,77
Joe Schobert,Jaguars,MLB,77
Demarcus Robinson,Chiefs,WR,77
Hunter Renfrow,Raiders,WR,77
Karl Joseph,Raiders,SS,77
Maxx Crosby,Raiders,LE,77
Willie Snead IV,Raiders,WR,77
Uchenna Nwosu,Chargers,ROLB,77
Corey Bojorquez,Rams,P,77
Andrew Van Ginkel,Dolphins,ROLB,77
Michael Palardy,Dolphins,P,77
Kendrick Bourne,Patriots,WR,77
John Franklin-Myers,Jets,LE,77
Keelan Cole Sr,Jets,WR,77
Avonte Maddox,Eagles,CB,77
Cameron Sutton,Steelers,CB,77
Devin Bush,Steelers,MLB,77
Terrell Edmunds,Steelers,SS,77
Aldon Smith,Seahawks,RE,77
Gerald Everett,Seahawks,TE,77
Jason Myers,Seahawks,K,77
Jordyn Brooks,Seahawks,LOLB,77
Poona Ford,Seahawks,DT,77
Tre Flowers,Seahawks,CB,77
Will Dissly,Seahawks,TE,77
Giovani Bernard,Buccaneers,HB,77
Jordan Whitehead,Buccaneers,SS,77
Denico Autry,Titans,RE,77
Bobby McCain,Football Team,FS,77
Chase Roullier,Football Team,C,77
J.D. McKissic,Football Team,HB,77
Logan Thomas,Football Team,TE,77
D.J. Humphries,Cardinals,LT,76
Jalen Thompson,Cardinals,FS,76
Jordan Hicks,Cardinals,MLB,76
Cordarrelle Patterson,Falcons,HB,76
Patrick Queen,Ravens,MLB,76
Daryl Williams,Bills,RT,76
Dawson Knox,Bills,TE,76
Levi Wallace,Bills,CB,76
Tyler Bass,Bills,K,76
David Moore,Panthers,WR,76
Robert Quinn,Bears,ROLB,76
Tarik Cohen,Bears,HB,76
Auden Tate,Bengals,WR,76
Anthony Walker Jr,Browns,MLB,76
Greg Newsome II,Browns,CB,76
Malik Jackson,Browns,DT,76
Rashard Higgins,Browns,WR,76
Troy Hill,Browns,CB,76
Anthony Brown,Cowboys,CB,76
Jourdan Lewis,Cowboys,CB,76
Patrick Surtain II,Broncos,CB,76
A.J. Dillon,Packers,HB,76
Marcedes Lewis,Packers,TE,76
Marquez Valdes-Scantling,Packers,WR,76
Shaq Lawson,Texans,LE,76
Rock Ya-Sin,Colts,CB,76
Rodrigo Blankenship,Colts,K,76
A.J. Cann,Jaguars,RG,76
Carlos Hyde,Jaguars,HB,76
Laviska Shenault Jr,Jaguars,WR,76
Travis Etienne Jr,Jaguars,HB,76
Tre Herndon,Jaguars,CB,76
Charvarius Ward,Chiefs,CB,76
Kyle Long,Chiefs,RG,76
Rasul Douglas,Raiders,CB,76
Jaylen Waddle,Dolphins,WR,76
Cam Newton,Patriots,QB,76
Deatrich Wise Jr,Patriots,RE,76
Jake Bailey,Patriots,P,76
Andrus Peat,Saints,LG,76
Folorunso Fatukasi,Jets,DT,76
Morgan Moses,Jets,RT,76
Vinny Curry,Jets,LE,76
Derek Barnett,Eagles,RE,76
Eric Wilson,Eagles,ROLB,76
Josh Sweat,Eagles,RE,76
Jordan Berry,Steelers,P,76
Najee Harris,Steelers,HB,76
Emmanuel Moseley,49ers,CB,76
Jimmy Garoppolo,49ers,QB,76
D.J. Reed Jr,Seahawks,CB,76
Rashaad Penny,Seahawks,HB,76
Cameron Brate,Buccaneers,TE,76
Mike Edwards,Buccaneers,FS,76
Scotty Miller,Buccaneers,WR,76
Steve McLendon,Buccaneers,DT,76
Josh Reynolds,Titans,WR,76
Nate Davis,Titans,RG,76
Kamren Curl,Football Team,SS,76
Dennis Gardeck,Cardinals,LOLB,75
Devon Kennard,Cardinals,LOLB,75
Russell Gage Jr,Falcons,WR,75
Gabriel Davis,Bills,WR,75
Jon Feliciano,Bills,RG,75
Matt Breida,Bills,HB,75
Zack Moss,Bills,HB,75
Yetur Gross-Matos,Panthers,RE,75
Anthony Miller,Bears,WR,75
Mike Pennel,Bears,DT,75
Darius Phillips,Bengals,CB,75
Eli Apple,Bengals,CB,75
Ja'Marr Chase,Bengals,WR,75
Jonah Williams,Bengals,LT,75
Logan Wilson,Bengals,ROLB,75
Sam Hubbard,Bengals,LE,75
Andrew Billings,Browns,DT,75
Greedy Williams,Browns,CB,75
Brent Urban,Cowboys,DT,75
Bryan Anger,Cowboys,P,75
Donovan Wilson,Cowboys,SS,75
Dre'Mont Jones,Broncos,LE,75
Javonte Williams,Broncos,HB,75
Josey Jewell,Broncos,MLB,75
Michael Ojemudia,Broncos,CB,75
Sam Martin,Broncos,P,75
Amani Oruwariye,Lions,CB,75
Breshad Perriman,Lions,WR,75
Da'Shawn Hand,Lions,LE,75
Darren Fells,Lions,TE,75
Penei Sewell,Lions,RT,75
Quinton Dunbar,Lions,CB,75
Krys Barnes,Packers,MLB,75
Marcus Cannon,Texans,RT,75
Terrance Mitchell,Texans,CB,75
Mo Alie-Cox,Colts,TE,75
Rigoberto Sanchez,Colts,P,75
T.J. Carrie,Colts,CB,75
Zach Pascal,Colts,WR,75
Phillip Dorsett II,Jaguars,WR,75
Anthony Hitchens,Chiefs,MLB,75
Austin Blythe,Chiefs,C,75
Jerick McKinnon,Chiefs,HB,75
Mike Hughes,Chiefs,CB,75
Rashad Fenton,Chiefs,CB,75
Will Parks,Chiefs,SS,75
Alec Ingold,Raiders,FB,75
Darrell Henderson Jr,Rams,HB,75
Alexander Mattison,Vikings,HB,75
Britton Colquitt,Vikings,P,75
Irv Smith Jr,Vikings,TE,75
Xavier Woods,Vikings,FS,75
Damien Harris,Patriots,HB,75
Henry Anderson,Patriots,LE,75
Jakobi Meyers,Patriots,WR,75
P.J. Williams,Saints,FS,75
Tre'Quan Smith,Saints,WR,75
Julian Love,Giants,SS,75
Ashtyn Davis,Jets,FS,75
Connor McGovern,Jets,C,75
Zach Wilson,Jets,QB,75
DeVonta Smith,Eagles,WR,75
Kerryon Johnson,Eagles,HB,75
Zach Kerr,49ers,DT,75
Ahkello Witherspoon,Seahawks,CB,75
Al Woods,Seahawks,DT,75
Pierre Desir,Seahawks,CB,75
Alex Cappa,Buccaneers,RG,75
Caleb Farley,Titans,CB,75
Cole Holcomb,Football Team,MLB,75
Ryan Fitzpatrick,Football Team,QB,75
Andy Lee,Cardinals,P,74
Brian Winters,Cardinals,RG,74
Maxx Williams,Cardinals,TE,74
Erik Harris,Falcons,FS,74
Isaiah Oliver,Falcons,CB,74
Kendall Sheffield,Falcons,CB,74
Anthony Levine Sr,Ravens,SS,74
Justin Madubuike,Ravens,RE,74
Tyus Bowser,Ravens,LOLB,74
Isaiah McKenzie,Bills,WR,74
Matt Haack,Bills,P,74
Denzel Perryman,Panthers,MLB,74
Jaycee Horn,Panthers,CB,74
Joey Slye,Panthers,K,74
Rashaan Melvin,Panthers,CB,74
Damiere Byrd,Bears,WR,74
Justin Fields,Bears,QB,74
Marquise Goodwin,Bears,WR,74
Dalton Schultz,Cowboys,TE,74
Micah Parsons,Cowboys,MLB,74
Malik Reed,Broncos,ROLB,74
Jeff Okudah,Lions,CB,74
Allen Lazard,Packers,WR,74
Chandon Sullivan,Packers,CB,74
De'Vondre Campbell,Packers,MLB,74
Dean Lowry,Packers,LE,74
Kingsley Keke,Packers,RE,74
Chris Conley,Texans,WR,74
Christian Kirksey,Texans,ROLB,74
Jordan Akins,Texans,TE,74
Keke Coutee,Texans,WR,74
Rex Burkhead,Texans,HB,74
Whitney Mercilus,Texans,RE,74
Eric Fisher,Colts,LT,74
Cam Robinson,Jaguars,LT,74
Davon Hamilton,Jaguars,DT,74
Jarrod Wilson,Jaguars,FS,74
A.J. Cole III,Raiders,P,74
Cory Littleton,Raiders,ROLB,74
Damon Arnette Jr,Raiders,CB,74
Johnathan Abram,Raiders,SS,74
Solomon Thomas,Raiders,DT,74
Jerry Tillery,Chargers,RE,74
Matt Feiler,Chargers,LG,74
Michael Davis,Chargers,CB,74
Austin Corbett,Rams,C,74
Taylor Rapp,Rams,FS,74
Terrell Burgess,Rams,SS,74
Adam Butler,Dolphins,DT,74
Albert Wilson,Dolphins,WR,74
D.J. Fluker,Dolphins,RT,74
Jakeem Grant Sr,Dolphins,WR,74
Jevon Holland,Dolphins,FS,74
Myles Gaskin,Dolphins,HB,74
Nik Needham,Dolphins,CB,74
Preston Williams,Dolphins,WR,74
Raekwon Davis,Dolphins,DT,74
Bashaud Breeland,Vikings,CB,74
Ja'Whaun Bentley,Patriots,MLB,74
Jalen Mills,Patriots,SS,74
B.J. Hill,Giants,LE,74
Lorenzo Carter,Giants,LOLB,74
Xavier McKinney,Giants,FS,74
Blessuan Austin,Jets,CB,74
Braden Mann,Jets,P,74
Tevin Coleman,Jets,HB,74
Boston Scott,Eagles,HB,74
Ryan Kerrigan,Eagles,LE,74
Benny Snell,Steelers,HB,74
James Washington,Steelers,WR,74
Samson Ebukam,49ers,RE,74
Trey Lance,49ers,QB,74
Trey Sermon,49ers,HB,74
Wayne Gallman Jr,49ers,HB,74
Damarious Randall,Seahawks,CB,74
Ryan Succop,Buccaneers,K,74
Amani Hooker,Titans,SS,74
Adam Humphries,Football Team,WR,74
Darryl Roberts,Football Team,CB,74
Dustin Hopkins,Football Team,K,74
Ereck Flowers,Football Team,LG,74
Jimmy Moreland,Football Team,CB,74
Tim Settle,Football Team,DT,74
Andy Isabella,Cardinals,WR,73
Jordan Phillips,Cardinals,RE,73
Robert Alford,Cardinals,CB,73
Shawn Williams,Cardinals,SS,73
Zaven Collins,Cardinals,MLB,73
Dante Fowler Jr,Falcons,ROLB,73
Lee Smith,Falcons,TE,73
Richie Grant,Falcons,SS,73
Vernon Butler Jr,Bills,DT,73
Morgan Fox,Panthers,DT,73
Quinton Spain,Bengals,RG,73
Riley Reiff,Bengals,RT,73
Blake Jarwin,Cowboys,TE,73
Hunter Niswander,Cowboys,P,73
Maurice Canady,Cowboys,CB,73
Bobby Massie,Broncos,RT,73
Teddy Bridgewater,Broncos,QB,73
Alex Anzalone,Lions,MLB,73
Jahlani Tavai,Lions,MLB,73
Tracy Walker,Lions,SS,73
Tyrell Crosby,Lions,RT,73
Kevin King,Packers,CB,73
Jordan Jenkins,Texans,RE,73
Justin Britt,Texans,C,73
Vernon Hargreaves III,Texans,CB,73
Antwaun Woods,Colts,DT,73
Kemoko Turay,Colts,RE,73
Kwity Paye,Colts,RE,73
Michael Pittman Jr,Colts,WR,73
Parris Campbell,Colts,WR,73
Aldrick Rosas,Jaguars,K,73
Rayshawn Jenkins,Jaguars,SS,73
Roy Robertson-Harris,Jaguars,RE,73
Carl Nassib,Raiders,LE,73
Daniel Carlson,Raiders,K,73
Denzelle Good,Raiders,RG,73
Jalen Richard,Raiders,HB,73
Nevin Lawson,Raiders,CB,73
Trevon Moehrig,Raiders,FS,73
Drue Tranquill,Chargers,MLB,73
Justin Jackson,Chargers,HB,73
Kyler Fackrell,Chargers,ROLB,73
Nasir Adderley,Chargers,FS,73
Rashawn Slater,Chargers,LT,73
Matt Gay,Rams,K,73
Malcolm Brown,Dolphins,HB,73
Robert Hunt,Dolphins,RG,73
Tua Tagovailoa,Dolphins,QB,73
C.J. Ham,Vikings,FB,73
Jeff Gladney,Vikings,CB,73
Christian Barmore,Patriots,DT,73
Davon Godchaux,Patriots,DT,73
Josh Uche,Patriots,ROLB,73
N'Keal Harry,Patriots,WR,73
Nick Folk,Patriots,K,73
Cesar Ruiz,Saints,RG,73
Jameis Winston,Saints,QB,73
Patrick Robinson,Saints,CB,73
Dante Pettis,Giants,WR,73
Darnay Holmes,Giants,CB,73
Isaac Yiadom,Giants,CB,73
John Ross III,Giants,WR,73
Will Hernandez,Giants,LG,73
Alex Lewis,Jets,RG,73
Elijah Moore,Jets,WR,73
Michael Carter,Jets,HB,73
Greg Ward Jr,Eagles,WR,73
Jalen Reagor,Eagles,WR,73
Travis Fulgham,Eagles,WR,73
D.J. Jones,49ers,DT,73
Mohamed Sanu Sr,49ers,WR,73
Richie James Jr,49ers,WR,73
Tavon Wilson,49ers,FS,73
Benson Mayowa,Seahawks,LE,73
Ethan Pocic,Seahawks,C,73
Donovan Smith,Buccaneers,LT,73
Ross Cockrell,Buccaneers,CB,73
Anthony Firkser,Titans,TE,73
Jamin Davis,Football Team,ROLB,73
Jon Bostic,Football Team,MLB,73
Kelvin Beachum Jr,Cardinals,RT,72
Brandon Copeland,Falcons,LOLB,72
Bradley Bozeman,Ravens,LG,72
Jaylon Ferguson,Ravens,LOLB,72
Malik Harrison,Ravens,MLB,72
Miles Boykin,Ravens,WR,72
Rashod Bateman,Ravens,WR,72
A.J. Epenesa,Bills,LE,72
Cody Ford,Bills,LG,72
Efe Obada,Bills,RE,72
Harrison Phillips,Bills,DT,72
Star Lotulelei,Bills,DT,72
Joseph Charlton,Panthers,P,72
Troy Pride Jr,Panthers,CB,72
Andy Dalton,Bears,QB,72
Cole Kmet,Bears,TE,72
Mario Edwards Jr,Bears,RE,72
Pat O'Donnell,Bears,P,72
C.J. Uzomah,Bengals,TE,72
Germaine Pratt,Bengals,MLB,72
Mike Daniels,Bengals,DT,72
Trey Hopkins,Bengals,C,72
Cody Parkey,Browns,K,72
Grant Delpit,Browns,FS,72
Jeremiah Owusu-Koramoah,Browns,LOLB,72
Takkarist McKinley,Browns,RE,72
Connor Williams,Cowboys,LG,72
Jayron Kearse,Cowboys,SS,72
Neville Gallimore,Cowboys,DT,72
Trevon Diggs,Cowboys,CB,72
K.J. Hamler,Broncos,WR,72
Royce Freeman,Broncos,HB,72
Josh Jackson,Packers,CB,72
Cameron Johnston,Texans,P,72
Ka'imi Fairbairn,Texans,K,72
Kamu Grugier-Hill,Texans,LOLB,72
Keion Crossen,Texans,CB,72
Kevin Pierre-Louis,Texans,LOLB,72
Lonnie Johnson Jr,Texans,SS,72
Al-Quadin Muhammad,Colts,RE,72
Carson Wentz,Colts,QB,72
Jordan Wilkins,Colts,HB,72
Adam Gotsis,Jaguars,LE,72
Damien Wilson,Jaguars,MLB,72
Jawaan Taylor,Jaguars,RT,72
Malcom Brown,Jaguars,LE,72
Darrel Williams,Chiefs,HB,72
Tershawn Wharton,Chiefs,DT,72
Tommy Townsend,Chiefs,P,72
Quinton Jefferson,Raiders,DT,72
Zay Jones,Raiders,WR,72
Asante Samuel Jr,Chargers,CB,72
Justin Jones,Chargers,LE,72
A'Shawn Robinson,Rams,RE,72
David Edwards,Rams,LG,72
Jordan Fuller,Rams,FS,72
Van Jefferson,Rams,WR,72
Allen Hurns,Dolphins,WR,72
Jaelan Phillips,Dolphins,LOLB,72
Matt Skura,Dolphins,C,72
Noah Igbinoghene,Dolphins,CB,72
Cameron Dantzler,Vikings,CB,72
Nick Vigil,Vikings,ROLB,72
Adam Trautman,Saints,TE,72
Deonte Harris,Saints,WR,72
Grant Haley,Saints,CB,72
Ty Montgomery II,Saints,HB,72
Daniel Jones,Giants,QB,72
Devontae Booker,Giants,HB,72
Kadarius Toney,Giants,WR,72
Oshane Ximines,Giants,ROLB,72
Alijah Vera-Tucker,Jets,LG,72
Blake Cashman,Jets,MLB,72
Braxton Berrios,Jets,WR,72
Bryce Hall,Jets,CB,72
Denzel Mims,Jets,WR,72
Jarrad Davis,Jets,ROLB,72
Jake Elliott,Eagles,K,72
Kenneth Gainwell,Eagles,HB,72
Cody Barton,Seahawks,LOLB,72
Damien Lewis,Seahawks,RG,72
Kerry Hyder,Seahawks,RE,72
Ugo Amadi,Seahawks,CB,72
Khari Blasingame,Titans,FB,72
Matthias Farley,Titans,SS,72
Lamar Miller,Football Team,HB,72
Steven Sims,Football Team,WR,72
Rondale Moore,Cardinals,WR,71
Barkevious Mingo,Falcons,ROLB,71
Javian Hawkins,Falcons,HB,71
Kaleb McGary,Falcons,RT,71
Sterling Hofrichter,Falcons,P,71
Devin Duvernay,Ravens,WR,71
Justice Hill,Ravens,HB,71
A.J. Klein,Bills,LOLB,71
Forrest Lamp,Bills,LG,71
Jacob Hollister,Bills,TE,71
Justin Zimmer,Bills,DT,71
Taiwan Jones,Bills,HB,71
Chuba Hubbard,Panthers,HB,71
Dan Arnold,Panthers,TE,71
Jermaine Carter Jr,Panthers,MLB,71
Sam Darnold,Panthers,QB,71
Akeem Davis-Gaither,Bengals,ROLB,71
Evan McPherson,Bengals,K,71
Kevin Huber,Bengals,P,71
Trent Taylor,Bengals,WR,71
Cedrick Wilson,Cowboys,WR,71
Tarell Basham,Cowboys,RE,71
Ty Nsekhe,Cowboys,RT,71
Netane Muti,Broncos,RG,71
Shamar Stephen,Broncos,DT,71
Alim McNeill,Lions,DT,71
Corn Elder,Lions,CB,71
Geronimo Allison,Lions,WR,71
Jonah Jackson,Lions,LG,71
Levi Onwuzurike,Lions,LE,71
Mike Ford,Lions,CB,71
Randy Bullock,Lions,K,71
Eric Stokes,Packers,CB,71
Chris Moore,Texans,WR,71
Eric Murray,Texans,SS,71
Maliek Collins,Texans,DT,71
Marvell Tell III,Colts,CB,71
Dawuane Smoot,Jaguars,ROLB,71
K'Lavon Chaisson,Jaguars,LOLB,71
Logan Cooke,Jaguars,P,71
Taven Bryan,Jaguars,LE,71
Tyson Campbell,Jaguars,CB,71
Daniel Sorensen,Chiefs,SS,71
DeAndre Baker,Chiefs,CB,71
Khalen Saunders,Chiefs,DT,71
Mike Remmers,Chiefs,RT,71
Taco Charlton,Chiefs,LE,71
Bryan Edwards,Raiders,WR,71
Isaiah Johnson,Raiders,CB,71
Nicholas Morrow,Raiders,LOLB,71
Jalen Guyton,Chargers,WR,71
David Long Jr,Rams,CB,71
Elandon Roberts,Dolphins,MLB,71
Christian Darrisaw,Vikings,LT,71
Olabisi Johnson,Vikings,WR,71
Stephen Weatherly,Vikings,RE,71
Mac Jones,Patriots,QB,71
Ted Karras,Patriots,C,71
Azeez Ojulari,Giants,LOLB,71
Elijhaa Penny,Giants,FB,71
Ifeadi Odenigbo,Giants,ROLB,71
Nathan Shepherd,Jets,DT,71
Ronald Blair III,Jets,RE,71
Tyler Kroft,Jets,TE,71
Alex Singleton,Eagles,MLB,71
Andrew Adams,Eagles,SS,71
Isaac Seumalo,Eagles,LG,71
J.J. Arcega-Whiteside,Eagles,WR,71
Jalen Hurts,Eagles,QB,71
Jordan Mailata,Eagles,LT,71
Landon Dickerson,Eagles,LG,71
Alex Highsmith,Steelers,ROLB,71
Kalen Ballage,Steelers,HB,71
Kevin Dotson,Steelers,LG,71
Pat Freiermuth,Steelers,TE,71
Pressley Harvin III,Steelers,P,71
Jordan Willis,49ers,RE,71
Alton Robinson,Seahawks,LE,71
D'Wayne Eskridge,Seahawks,WR,71
L.J. Collier,Seahawks,LE,71
Marquise Blair,Seahawks,FS,71
Abry Jones,Titans,DT,71
Brian Hill,Titans,HB,71
Kelvin Harmon,Football Team,WR,71
Deionte Thompson,Cardinals,FS,70
Zach Allen,Cardinals,LE,70
Tyeler Davison,Falcons,DT,70
Odafe Oweh,Ravens,ROLB,70
Patrick Mekari,Ravens,C,70
Marquis Haynes Sr,Panthers,RE,70
Pat Elflein,Panthers,LG,70
Terrace Marshall Jr,Panthers,WR,70
Tommy Tremble,Panthers,TE,70
Artie Burns,Bears,CB,70
Christian Jones,Bears,MLB,70
Germain Ifedi,Bears,RG,70
Khalil Herbert,Bears,HB,70
Nick Foles,Bears,QB,70
Teven Jenkins,Bears,LT,70
Drew Sample,Bengals,TE,70
Samaje Perine,Bengals,HB,70
Donovan Peoples-Jones,Browns,WR,70
Harrison Bryant,Browns,TE,70
Malcolm Smith,Browns,LOLB,70
Porter Gustin,Browns,LE,70
Sheldrick Redwine,Browns,FS,70
Sione Takitaki,Browns,LOLB,70
Kelvin Joseph,Cowboys,CB,70
Noah Brown,Cowboys,WR,70
Trysten Hill,Cowboys,DT,70
Drew Lock,Broncos,QB,70
Mike Purcell,Broncos,DT,70
Quintez Cephus,Lions,WR,70
Shaun Dion Hamilton,Lions,MLB,70
Billy Turner,Packers,RT,70
Alex Erickson,Texans,WR,70
Andre Roberts,Texans,WR,70
Charles Omenihu,Texans,DT,70
Jacob Martin,Texans,RE,70
Joe Thomas,Texans,ROLB,70
Lane Taylor,Texans,RG,70
Neville Hewitt,Texans,MLB,70
Ross Blacklock,Texans,DT,70
Terrence Brooks,Texans,SS,70
Tytus Howard,Texans,RT,70
Nick Nelson,Colts,CB,70
Sean Davis,Colts,SS,70
Tyquan Lewis,Colts,DT,70
Andre Cisco,Jaguars,FS,70
Chris Manhertz,Jaguars,TE,70
Doug Costin,Jaguars,RE,70
Jamal Agnew,Jaguars,WR,70
Jay Tufele,Jaguars,DT,70
Nick Bolton,Chiefs,MLB,70
Alex Leatherwood,Raiders,RT,70
Foster Moreau,Raiders,TE,70
Nick Martin,Raiders,C,70
Joshua Kelley,Chargers,HB,70
Lachlan Edwards,Chargers,P,70
Michael Badgley,Chargers,K,70
Tyron Johnson,Chargers,WR,70
Justin Hollins,Rams,ROLB,70
Micah Kiser,Rams,MLB,70
Brandon Jones,Dolphins,SS,70
Brennan Scarlett,Dolphins,ROLB,70
Cethan Carter,Dolphins,FB,70
Clayton Fejedelem,Dolphins,FS,70
Salvon Ahmed,Dolphins,HB,70
Solomon Kindley,Dolphins,LG,70
Vince Biegel,Dolphins,LOLB,70
D.J. Wonnum,Vikings,RE,70
Parry Nickerson,Vikings,CB,70
Joejuan Williams,Patriots,CB,70
Marvin Hall Jr,Patriots,WR,70
Blake Gillikin,Saints,P,70
Ken Crawley,Saints,CB,70
Tanoh Kpassagnon,Saints,LE,70
Andrew Thomas,Giants,LT,70
Corey Clement,Giants,HB,70
Nate Solder,Giants,RT,70
Christopher Herndon IV,Jets,TE,70
Jabari Zuniga,Jets,LE,70
K'Von Wallace,Eagles,FS,70
Milton Williams,Eagles,DT,70
Chris Wormley,Steelers,LE,70
Derek Watt,Steelers,FB,70
Jaylen Samuels,Steelers,HB,70
Justin Layne,Steelers,CB,70
Arden Key,49ers,LE,70
Jeff Wilson Jr,49ers,HB,70
Travis Benjamin,49ers,WR,70
Tyler Johnson,Buccaneers,WR,70
Breon Borders,Titans,CB,70
David Long Jr,Titans,MLB,70
Kristian Fulton,Titans,CB,70
Marcus Johnson,Titans,WR,70
Cam Sims,Football Team,WR,70
Dyami Brown,Football Team,WR,70
Peyton Barber,Football Team,HB,70
KeeSean Johnson,Cardinals,WR,69
Xavier Williams,Cardinals,DT,69
John Cominsky,Falcons,LOLB,69
Tajae Sharpe,Falcons,WR,69
Anthony Averett,Ravens,CB,69
Ben Mason,Ravens,FB,69
Ben Powers,Ravens,RG,69
Justin Ellis,Ravens,DT,69
Carlos Basham Jr,Bills,DT,69
Gregory Rousseau,Bills,LE,69
Jake Kumerow,Bills,WR,69
Marquel Lee,Bills,LOLB,69
Mitchell Trubisky,Bills,QB,69
Cameron Erving,Panthers,LT,69
Frankie Luvu,Panthers,LOLB,69
Ian Thomas,Panthers,TE,69
Lano Hill,Panthers,SS,69
Elijah Wilkinson,Bears,RT,69
Javon Wims,Bears,WR,69
Jeremiah Attaochu,Bears,ROLB,69
Jordan Lucas,Bears,FS,69
Austin Seibert,Bengals,K,69
Kavon Frazier,Bengals,SS,69
Tony Brown,Bengals,CB,69
Xavier Su'a-Filo,Bengals,LG,69
Jacob Phillips,Browns,ROLB,69
KhaDarel Hodge,Browns,WR,69
Tommy Togiai,Browns,DT,69
Dorance Armstrong,Cowboys,LE,69
Osa Odighizuwa,Cowboys,DT,69
Albert Okwuegbunam,Broncos,TE,69
Lloyd Cushenberry III,Broncos,C,69
Nate Hairston,Broncos,CB,69
Chad Hansen,Lions,WR,69
Damion Ratley,Lions,WR,69
Dean Marlowe,Lions,SS,69
Kalif Raymond,Lions,WR,69
Matthew Wright,Lions,K,69
Will Harris,Lions,FS,69
Brandon Dunn,Texans,DT,69
Brevin Jordan,Texans,TE,69
DeMarcus Walker,Texans,RE,69
Nico Collins,Texans,WR,69
Ben Banogu,Colts,LE,69
George Odum,Colts,FS,69
Ibraheim Campbell,Colts,FS,69
Andrew Wingard,Jaguars,FS,69
Collin Johnson,Jaguars,WR,69
Gardner Minshew II,Jaguars,QB,69
James O'Shaughnessy,Jaguars,TE,69
Josh Jones,Jaguars,SS,69
Andrew Wylie,Chiefs,RG,69
Antonio Callaway,Chiefs,WR,69
Ben Niemann,Chiefs,MLB,69
Byron Pringle,Chiefs,WR,69
Dorian O'Daniel,Chiefs,LOLB,69
Amik Robertson,Raiders,CB,69
Blidi Wreh-Wilson,Raiders,CB,69
Darius Philon,Raiders,DT,69
Darron Lee,Raiders,ROLB,69
Divine Deablo,Raiders,SS,69
Marcus Mariota,Raiders,QB,69
Theo Riddick,Raiders,HB,69
Trey Quinn,Raiders,WR,69
Christian Covington,Chargers,DT,69
Ryan Smith,Chargers,CB,69
Greg Gaines,Rams,DT,69
Ogbonnia Okoronkwo,Rams,ROLB,69
Mack Hollins,Dolphins,WR,69
Ameer Abdullah,Vikings,HB,69
Ezra Cleveland,Vikings,LT,69
Jalyn Holmes,Vikings,LE,69
Kene Nwangwu,Vikings,HB,69
Raekwon McMillan,Patriots,MLB,69
Alex Armah Jr,Saints,FB,69
Noah Spence,Saints,RE,69
Pete Werner,Saints,ROLB,69
Shy Tuttle,Saints,DT,69
Zack Baun,Saints,LOLB,69
C.J. Board,Giants,WR,69
Carter Coughlin,Giants,LOLB,69
Kelvin Benjamin,Giants,TE,69
George Fant,Jets,RT,69
Greg Van Roten,Jets,RG,69
Javelin Guidry,Jets,CB,69
Kyle Phillips,Jets,RE,69
Ryan Griffin,Jets,TE,69
Ty Johnson,Jets,HB,69
Andre Dillard,Eagles,LT,69
Arryn Siposs,Eagles,P,69
John Hightower,Eagles,WR,69
Josiah Scott,Eagles,CB,69
Kevon Seymour,Eagles,CB,69
Richard Rodgers,Eagles,TE,69
Ray-Ray McCloud III,Steelers,WR,69
Robert Spillane,Steelers,MLB,69
Elijah Mitchell,49ers,HB,69
Tarvarius Moore,49ers,FS,69
Alex Collins,Seahawks,HB,69
Rasheem Green,Seahawks,RE,69
Anthony Nelson,Buccaneers,LOLB,69
Curtis Riley,Buccaneers,FS,69
Joe Tryon,Buccaneers,ROLB,69
Ke'Shawn Vaughn,Buccaneers,HB,69
Kevin Minter,Buccaneers,MLB,69
Chester Rogers,Titans,WR,69
Dane Cruikshank,Titans,SS,69
Darrynton Evans,Titans,HB,69
Antonio Gandy-Golden,Football Team,WR,69
Benjamin St-Juste,Football Team,CB,69
David Mayo,Football Team,LOLB,69
Greg Stroman,Football Team,CB,69
Wes Schweitzer,Football Team,RG,69
Chris Banjo,Cardinals,FS,68
Lamont Gaillard,Cardinals,C,68
Jacob Tuioti-Mariner,Falcons,LE,68
Marlon Davidson,Falcons,RE,68
Mykal Walker,Falcons,MLB,68
Olamide Zaccheaus,Falcons,WR,68
Steven Means,Falcons,ROLB,68
Deon Cain,Ravens,WR,68
Geno Stone,Ravens,FS,68
Tylan Wallace,Ravens,WR,68
Antonio Williams,Bills,HB,68
Reggie Gilliam,Bills,FB,68
Siran Neal,Bills,CB,68
Tyrell Adams,Bills,MLB,68
Greg Little,Panthers,LT,68
Trenton Cannon,Panthers,HB,68
Angelo Blackson,Bears,LE,68
Austin Calitro,Bears,MLB,68
Riley Ridley,Bears,WR,68
Teez Tabor,Bears,CB,68
Billy Price,Bengals,RG,68
Renell Wren,Bengals,DT,68
Tyler Shelvin,Bengals,DT,68
D'Ernest Johnson,Browns,HB,68
Jordan Elliott,Browns,DT,68
M.J. Stewart Jr,Browns,CB,68
Mack Wilson,Browns,ROLB,68
Ryan Switzer,Browns,WR,68
Darian Thompson,Cowboys,FS,68
DeShawn Williams,Broncos,RE,68
Duke Dawson Jr,Broncos,SS,68
Jamar Johnson,Broncos,FS,68
Halapoulivaati Vaitai,Lions,RG,68
Julian Okwara,Lions,LOLB,68
Nick Williams,Lions,DT,68
Amari Rodgers,Packers,WR,68
Equanimeous St. Brown,Packers,WR,68
Jace Sternberger,Packers,TE,68
Jordan Love,Packers,QB,68
Ka'Dar Hollman,Packers,CB,68
Lucas Patrick,Packers,RG,68
Tyler Lancaster,Packers,RE,68
Derek Rivers,Texans,LE,68
Donte Moncrief,Texans,WR,68
Hardy Nickerson,Texans,MLB,68
Tyrod Taylor,Texans,QB,68
Isaac Rochell,Colts,LE,68
J.J. Nelson,Colts,WR,68
Jihad Ward,Jaguars,RE,68
Leon Jacobs,Jaguars,LOLB,68
Chad Williams,Chiefs,WR,68
Creed Humphrey,Chiefs,C,68
Michael Burton,Chiefs,FB,68
Willie Gay,Chiefs,ROLB,68
Marcell Ateman,Raiders,WR,68
Roderic Teamer Jr,Raiders,SS,68
Tyree Gillespie,Raiders,FS,68
Kyzir White,Chargers,MLB,68
Kenny Young,Rams,MLB,68
Terrell Lewis,Rams,LOLB,68
Troy Reeder,Rams,MLB,68
Tutu Atwell,Rams,WR,68
Adam Shaheen,Dolphins,TE,68
Jamal Perry,Dolphins,CB,68
John Jenkins,Dolphins,LE,68
Liam Eichenberg,Dolphins,RT,68
Lynn Bowden Jr,Dolphins,WR,68
Patrick Laird,Dolphins,HB,68
Robert Foster,Dolphins,WR,68
Zach Sieler,Dolphins,RE,68
Chad Beebe,Vikings,WR,68
Greg Joseph,Vikings,K,68
Ryan Connelly,Vikings,ROLB,68
Tye Smith,Vikings,CB,68
Brandon Bolden,Patriots,HB,68
Cody Davis,Patriots,FS,68
J.J. Taylor,Patriots,HB,68
Rhamondre Stevenson,Patriots,HB,68
Marquez Callaway,Saints,WR,68
Nick Vannett,Saints,TE,68
Paulson Adebo,Saints,CB,68
Payton Turner,Saints,RE,68
Ryan Glasgow,Saints,DT,68
Aaron Robinson,Giants,CB,68
Austin Johnson,Giants,DT,68
Kaden Smith,Giants,TE,68
Nick Gates,Giants,C,68
Quincy Wilson,Giants,CB,68
Riley Dixon,Giants,P,68
Ryan Anderson,Giants,ROLB,68
Sam Beal,Giants,CB,68
Zach Fulton,Giants,RG,68
Bryce Huff,Jets,RE,68
Chuma Edoga,Jets,RT,68
Corey Ballentine,Jets,CB,68
Dan Feeney,Jets,C,68
Josh Adams,Jets,HB,68
Genard Avery,Eagles,LOLB,68
Joe Flacco,Eagles,QB,68
Aaron Banks,49ers,RG,68
Bennie Fowler III,49ers,WR,68
Jalen Hurd,49ers,WR,68
Marcell Harris,49ers,SS,68
Nathan Gerry,49ers,ROLB,68
Ben Burr-Kirven,Seahawks,ROLB,68
Brandon Shell,Seahawks,RT,68
Jaydon Mickens,Buccaneers,WR,68
Rakeem Nunez-Roches,Buccaneers,DT,68
Kendall Lamm,Titans,LT,68
Tucker McCann,Titans,K,68
Cornelius Lucas III,Football Team,LT,68
Ricky Seals-Jones,Football Team,TE,68
Kylie Fitts,Cardinals,ROLB,67
Leki Fotu,Cardinals,RE,67
Tanner Vallejo,Cardinals,MLB,67
Deadrin Senat,Falcons,LE,67
Matt Hennessy,Falcons,C,67
T.J. Green,Falcons,SS,67
Davontae Harris,Ravens,CB,67
Iman Lewis-Marshall,Ravens,CB,67
Johnny Townsend,Ravens,P,67
Jordan Richards,Ravens,SS,67
Tyre Phillips,Ravens,RG,67
Christian Wade,Bills,HB,67
Duke Williams,Bills,WR,67
Ike Boettger,Bills,LG,67
Jaquan Johnson,Bills,FS,67
Daviyon Nixon,Panthers,DT,67
Shi Smith,Panthers,WR,67
Jake Butt,Bears,TE,67
Khyiris Tonga,Bears,DT,67
Kindle Vildor,Bears,CB,67
Marqui Christian,Bears,SS,67
Chris Evans,Bengals,HB,67
Jackson Carman,Bengals,LG,67
Joseph Ossai,Bengals,LE,67
Khalid Kareem,Bengals,LE,67
Pooka Williams Jr,Bengals,HB,67
Stanley Morgan Jr,Bengals,WR,67
Anthony Schwartz,Browns,WR,67
Chris Hubbard,Browns,RT,67
Demetric Felton,Browns,HB,67
C.J. Goodwin,Cowboys,CB,67
Carlos Watkins,Cowboys,DT,67
Jeremy Sprinkle,Cowboys,TE,67
Malik Turner,Cowboys,WR,67
Steven Parker,Cowboys,FS,67
Andrew Beck,Broncos,FB,67
Baron Browning,Broncos,MLB,67
Caden Sterns,Broncos,SS,67
McTelvin Agim,Broncos,LE,67
Mike Boone,Broncos,HB,67
Amon-Ra St. Brown,Lions,WR,67
Austin Bryant,Lions,RE,67
Charles Harris,Lions,ROLB,67
Ifeatu Melifonwu,Lions,CB,67
John Penisini,Lions,DT,67
Josh Myers,Packers,C,67
Josiah Deguara,Packers,TE,67
Kamal Martin,Packers,MLB,67
Kylin Hill,Packers,HB,67
John Reid,Texans,CB,67
Jonathan Greenard,Texans,LE,67
Justin McCray,Texans,LG,67
Max Scharping,Texans,LG,67
Vincent Taylor,Texans,DT,67
Dayo Odeyingbo,Colts,LE,67
Gary Jennings,Colts,WR,67
Isaiah Rodgers,Colts,CB,67
Chris Claybrooks,Jaguars,CB,67
Dare Ogunbowale,Jaguars,HB,67
Rudy Ford,Jaguars,SS,67
Walker Little,Jaguars,RT,67
Darwin Thompson,Chiefs,HB,67
Mike Danna,Chiefs,RE,67
John Simpson,Raiders,RG,67
Keelan Doss,Raiders,WR,67
Joe Reed,Chargers,WR,67
Josh Palmer,Chargers,WR,67
Tevaughn Campbell,Chargers,CB,67
Bobby Brown III,Rams,LE,67
Joseph Noteboom,Rams,RG,67
Duke Riley,Dolphins,MLB,67
Hunter Long,Dolphins,TE,67
Jacoby Brissett,Dolphins,QB,67
Jesse Davis,Dolphins,LT,67
Sam Eguavoen,Dolphins,ROLB,67
Chazz Surratt,Vikings,ROLB,67
Harrison Hand,Vikings,CB,67
Kellen Mond,Vikings,QB,67
Troy Dye,Vikings,LOLB,67
Tyler Conklin,Vikings,TE,67
Akeem Spence,Patriots,DT,67
Anfernee Jennings,Patriots,LOLB,67
Byron Cowart,Patriots,DT,67
Devin Smith,Patriots,WR,67
Harvey Langi,Patriots,MLB,67
Justin Bethel,Patriots,CB,67
Montravius Adams,Patriots,RE,67
Terez Hall,Patriots,MLB,67
Carl Granderson,Saints,LE,67
Dwayne Washington,Saints,HB,67
Taysom Hill,Saints,QB,67
Jonotthan Harrison,Giants,C,67
Matthew Peart,Giants,RT,67
Jamien Sherwood,Jets,SS,67
Josh Malone,Jets,WR,67
Sam Ficken,Jets,K,67
Hassan Ridgeway,Eagles,DT,67
Marcus Epps,Eagles,SS,67
Anthony McFarland,Steelers,HB,67
Antoine Brooks Jr,Steelers,SS,67
Dontae Johnson,49ers,CB,67
Ross Dwelley,49ers,TE,67
Tom Compton,49ers,RG,67
Darrell Taylor,Seahawks,LE,67
Ryan Neal,Seahawks,SS,67
Jeremiah Ledbetter,Buccaneers,LE,67
Justin Watson,Buccaneers,WR,67
Cameron Batson,Titans,WR,67
Derick Roberson,Titans,LOLB,67
Elijah Molden,Titans,CB,67
Monty Rice,Titans,MLB,67
Darrick Forrest,Football Team,FS,67
Eno Benjamin,Cardinals,HB,66
Josh Jones,Cardinals,LT,66
Khalfani Muhammad,Cardinals,HB,66
Jalen Mayfield,Falcons,LG,66
Jonathan Bullard,Falcons,RE,66
Ta'Quon Graham,Falcons,LE,66
Brandon Stephens,Ravens,CB,66
Chris Board,Ravens,MLB,66
James Proche,Ravens,WR,66
Josh Oliver,Ravens,TE,66
Damar Hamlin,Bills,FS,66
Dane Jackson,Bills,CB,66
Tyler Matakevich,Bills,MLB,66
Austin Larkin,Panthers,LE,66
Brady Christensen,Panthers,LT,66
Dennis Daley,Panthers,LG,66
Julian Stanford,Panthers,LOLB,66
Juston Burris,Panthers,SS,66
Keith Kirkwood,Panthers,WR,66
Kenny Robinson Jr,Panthers,FS,66
Sam Franklin,Panthers,SS,66
James Vaughters,Bears,LOLB,66
Joel Iyiegbuniwe,Bears,MLB,66
Jordan Evans,Bengals,LOLB,66
Mike Thomas,Bengals,WR,66
Trayveon Williams,Bengals,HB,66
Case Keenum,Browns,QB,66
Curtis Weaver,Browns,LE,66
Marvin Wilson,Browns,DT,66
Nick Harris,Browns,C,66
Bradlee Anae,Cowboys,LE,66
Chauncey Golston,Cowboys,RE,66
Jabril Cox,Cowboys,ROLB,66
Johnnie Dixon,Cowboys,WR,66
Quinton Bohanna,Cowboys,DT,66
Simi Fehoko,Cowboys,WR,66
Tyler Biadasz,Cowboys,C,66
Amara Darboh,Broncos,WR,66
Cameron Fleming,Broncos,RT,66
Damion Willis,Broncos,WR,66
Essang Bassey,Broncos,CB,66
Quinn Meinerz,Broncos,LG,66
Derrick Barnes,Lions,LOLB,66
Jalen Reeves-Maybin,Lions,MLB,66
Reggie Gilbert,Lions,ROLB,66
Juwann Winfree,Packers,WR,66
Oren Burks,Packers,MLB,66
Ryan Winslow,Packers,P,66
Ty Summers,Packers,MLB,66
Isaiah Coulter,Texans,WR,66
Tremon Smith,Texans,CB,66
Andrew Brown,Colts,DT,66
Matthew Adams,Colts,LOLB,66
Shawn Davis,Colts,FS,66
Taylor Stallworth,Colts,DT,66
Daniel Thomas,Jaguars,SS,66
Lerentee McCray,Jaguars,LE,66
Shaquille Quarterman,Jaguars,MLB,66
Tim Tebow,Jaguars,TE,66
Tyler Shatley,Jaguars,C,66
Cornell Powell,Chiefs,WR,66
Daurice Fountain,Chiefs,WR,66
Tanner Muse,Raiders,ROLB,66
Alohi Gilman,Chargers,SS,66
Chris Rumph II,Chargers,LOLB,66
Gabe Nabers,Chargers,FB,66
Ty Long,Chargers,P,66
Austin MacGinnis,Rams,K,66
Brandon Wright,Rams,P,66
Jake Funk,Rams,HB,66
Durham Smythe,Dolphins,TE,66
Armon Watts,Vikings,DT,66
Cameron Smith,Vikings,MLB,66
Hercules Mata'afa,Vikings,LE,66
Ihmir Smith-Marsette,Vikings,WR,66
Mason Cole,Vikings,C,66
Wyatt Davis,Vikings,RG,66
Carl Davis,Patriots,DT,66
Dalton Keene,Patriots,TE,66
Devin Asiasi,Patriots,TE,66
Gunner Olszewski,Patriots,WR,66
James Hurst,Saints,RT,66
Jeff Smith,Jets,WR,66
Justin Hardee Sr,Jets,CB,66
La'Mical Perine,Jets,HB,66
Michael Carter II,Jets,CB,66
Vyncint Smith,Jets,WR,66
Davion Taylor,Eagles,ROLB,66
Hakeem Butler,Eagles,TE,66
Jordan Howard,Eagles,HB,66
Marlon Tuipulotu,Eagles,DT,66
Nick Mullens,Eagles,QB,66
Quez Watkins,Eagles,WR,66
T.J. Edwards,Eagles,MLB,66
B.J. Finney,Steelers,C,66
Buddy Johnson,Steelers,MLB,66
Cassius Marsh Sr,Steelers,LOLB,66
Isaiah Buggs,Steelers,DT,66
Kendrick Green,Steelers,C,66
Ambry Thomas,49ers,CB,66
Josh Rosen,49ers,QB,66
Kai Nacua,49ers,FS,66
Kevin Givens,49ers,DT,66
Kevin White,49ers,WR,66
Talanoa Hufanga,49ers,SS,66
Jordan Miller,Seahawks,CB,66
Phil Haynes,Seahawks,RG,66
Robert Nkemdiche,Seahawks,DT,66
Travis Homer,Seahawks,HB,66
C.J. Prosise,Buccaneers,HB,66
Jaelon Darden,Buccaneers,WR,66
Josh Wells,Buccaneers,LT,66
Dez Fitzpatrick,Titans,WR,66
Geoff Swaim,Titans,TE,66
Justin March,Titans,MLB,66
Teair Tart,Titans,DT,66
Trevon Coley,Titans,LE,66
Khaleke Hudson,Football Team,ROLB,66
Sam Cosmi,Football Team,LT,66
James Wiggins,Cardinals,FS,65
Justin Murray,Cardinals,RT,65
Marco Wilson,Cardinals,CB,65
Michael Dogbe,Cardinals,LE,65
Rashard Lawrence,Cardinals,DT,65
Tae Hayes,Cardinals,CB,65
Darren Hall,Falcons,CB,65
Jaylinn Hawkins,Falcons,FS,65
Ben Cleveland,Ravens,LG,65
Eric Tomlinson,Ravens,TE,65
Khalil Dorsey,Ravens,CB,65
Shaun Wade,Ravens,CB,65
Andre Smith,Bills,LOLB,65
Bobby Hart,Bills,RT,65
Bryan Cox Jr,Bills,RE,65
Marquez Stevenson,Bills,WR,65
Tyrel Dodson,Bills,ROLB,65
Bravvion Roy,Panthers,DT,65
Caraun Reid,Panthers,DT,65
Christian Miller,Panthers,LE,65
John Miller,Panthers,RG,65
Keith Taylor,Panthers,CB,65
Myles Hartsfield,Panthers,SS,65
Deon Bush,Bears,SS,65
Duke Shelley,Bears,CB,65
Trevis Gipson,Bears,LOLB,65
Xavier Crawford,Bears,CB,65
Cameron Sample,Bengals,RE,65
Elijah Lee,Browns,ROLB,65
John Kelly,Browns,HB,65
Richard LeCounte III,Browns,SS,65
Sheldon Day,Browns,DT,65
Tony Fields II,Browns,LOLB,65
Connor McGovern,Cowboys,RG,65
Reggie Robinson,Cowboys,CB,65
Rico Dowdle,Cowboys,HB,65
Diontae Spencer,Broncos,WR,65
Isaiah Mack,Broncos,LE,65
Justin Strnad,Broncos,MLB,65
Seth Williams,Broncos,WR,65
Jason Cabinda,Lions,FB,65
Joel Heath,Lions,RE,65
Blake Bortles,Packers,QB,65
Dexter Williams,Packers,HB,65
Reggie Begelton,Packers,WR,65
T.J. Slaton Jr,Packers,DT,65
Will Redmond,Packers,FS,65
Dontrell Hilliard,Texans,HB,65
Kahale Warring,Texans,TE,65
Ryan Izzo,Texans,TE,65
Tae Davis,Texans,MLB,65
Chris Reed,Colts,LG,65
De'Michael Harris,Colts,WR,65
Jordan Thomas,Colts,TE,65
Kylen Granson,Colts,TE,65
Ben Bartch,Jaguars,LG,65
Daniel Ross,Jaguars,DT,65
Luq Barcoo,Jaguars,CB,65
Pharoh Cooper,Jaguars,WR,65
Quincy Williams,Jaguars,MLB,65
Terry Godwin,Jaguars,WR,65
Darius Harris,Chiefs,LOLB,65
Darrius Shepherd,Chiefs,WR,65
Brandon Parker,Raiders,LT,65
James Onwualu,Raiders,LOLB,65
Malcolm Koonce,Raiders,RE,65
Brandon Facyson,Chargers,CB,65
Donald Parham Jr,Chargers,TE,65
John Hurst,Chargers,WR,65
K.J. Hill Jr,Chargers,WR,65
Larry Rountree III,Chargers,HB,65
Scott Quessenberry,Chargers,C,65
Bobby Evans Jr,Rams,RT,65
Brian Allen,Rams,C,65
Ernest Jones,Rams,MLB,65
Michael Hoecht,Rams,LE,65
Robert Rochell,Rams,CB,65
Austin Jackson,Dolphins,LT,65
Jason Strowbridge,Dolphins,LE,65
Jermaine Eluemunor,Dolphins,RT,65
Camryn Bynum,Vikings,FS,65
Josh Metellus,Vikings,FS,65
K.J. Osborn,Vikings,WR,65
Kris Boyd,Vikings,CB,65
Patrick Jones II,Vikings,RE,65
Alex Redmond,Patriots,LG,65
Jakob Johnson,Patriots,FB,65
Joshuah Bledsoe,Patriots,SS,65
Juwan Johnson,Saints,WR,65
Malcolm Roach,Saints,DT,65
Cullen Gillaspia,Giants,FB,65
David Sills V,Giants,WR,65
Devante Downs,Giants,MLB,65
Levine Toilolo,Giants,TE,65
Reggie Ragland,Giants,MLB,65
Shane Lemieux,Giants,RG,65
Tae Crowder,Giants,MLB,65
Brandin Echols,Jets,CB,65
Hamsah Nasirildeen,Jets,ROLB,65
Jason Pinnock,Jets,CB,65
Jonathan Marshall,Jets,DT,65
Jack Driscoll,Eagles,RG,65
Jason Huntley,Eagles,HB,65
Zech McPhearson,Eagles,CB,65
Anthony Johnson,Steelers,WR,65
Arthur Maulet,Steelers,CB,65
Marcus Allen,Steelers,FS,65
Daniel Brunskill,49ers,RG,65
Deommodore Lenoir,49ers,CB,65
JaMycal Hasty,49ers,HB,65
Justin Skule,49ers,LT,65
Ken Webster,49ers,CB,65
Kentavius Street,49ers,DT,65
Colby Parkinson,Seahawks,TE,65
DeeJay Dallas,Seahawks,HB,65
Freddie Swain,Seahawks,WR,65
Tre Brown,Seahawks,CB,65
Raven Greene,Buccaneers,SS,65
Brady Breeze,Titans,FS,65
Dillon Radunz,Titans,RT,65
Ty Sambrailo,Titans,RT,65
Casey Toohill,Football Team,LE,65
Dax Milne,Football Team,WR,65
Deshazor Everett,Football Team,FS,65
Isaiah Wright,Football Team,WR,65
James Smith-Williams,Football Team,DT,65
Jeremy Reaves,Football Team,SS,65
John Bates,Football Team,TE,65
Jordan Kunaszyk,Football Team,ROLB,65
Kyle Allen,Football Team,QB,65
Troy Apke,Football Team,FS,65
Charles Washington,Cardinals,FS,64
Darrell Daniels,Cardinals,TE,64
Jonathan Ward,Cardinals,HB,64
Terrance Smith,Cardinals,LOLB,64
Antonio Nunn,Falcons,WR,64
Dom Maggio,Falcons,P,64
Frank Darby,Falcons,WR,64
Qadree Ollison,Falcons,HB,64
Shareef Miller,Falcons,LOLB,64
Andre Smith,Ravens,RT,64
Ben Bredeson,Ravens,LG,64
Otaro Alaka,Ravens,MLB,64
Darryl Johnson Jr,Bills,LE,64
Isaiah Hodgins,Bills,WR,64
Mike Love,Bills,RE,64
Spencer Brown,Bills,RT,64
Paddy Fisher,Panthers,LOLB,64
Reggie Bonnafon,Panthers,HB,64
Rodney Smith,Panthers,HB,64
Sean Chandler,Panthers,FS,64
Stantley Thomas-Oliver III,Panthers,CB,64
Chris Lacy,Bears,WR,64
Dazz Newsome,Bears,WR,64
DeAndre Houston-Carson,Bears,FS,64
Sam Mustipher,Bears,C,64
Thomas Graham Jr,Bears,CB,64
Amani Bledsoe,Bengals,RE,64
Joe Bachie Jr,Bengals,MLB,64
Josh Tupou,Bengals,DT,64
Markus Bailey,Bengals,MLB,64
Cameron Malveaux,Browns,RE,64
Colby Gossett,Browns,RG,64
Derrick Willies,Browns,WR,64
Drew Forbes,Browns,RG,64
Joe Jackson,Browns,LE,64
Nahshon Wright,Cowboys,CB,64
Rashard Robinson,Cowboys,CB,64
Ron'Dell Carter,Cowboys,RE,64
Sewo Olonilua,Cowboys,HB,64
Kendall Hinton,Broncos,WR,64
Levante Bellamy,Broncos,HB,64
Marquiss Spencer,Broncos,LE,64
Jermar Jefferson,Lions,HB,64
Tom Kennedy,Lions,WR,64
Jon Runyan,Packers,RG,64
Malik Taylor,Packers,WR,64
A.J. Moore Jr,Texans,FS,64
Garret Wallow,Texans,LOLB,64
Dezmon Patmon,Colts,WR,64
Jet Anderson,Colts,HB,64
Armani Watts,Chiefs,FS,64
Blake Bell,Chiefs,TE,64
Gehrig Dieter,Chiefs,WR,64
Lucas Niang,Chiefs,RT,64
Nick Allegretti,Chiefs,LG,64
Nick Keizer,Chiefs,TE,64
Noah Gray,Chiefs,TE,64
Tim Ward,Chiefs,LE,64
Gerri Green,Raiders,LE,64
Nate Hobbs,Raiders,CB,64
Austin Proehl,Chargers,WR,64
Ben DeLuca,Chargers,FS,64
Emeke Egbule,Chargers,ROLB,64
Mark Webb Jr,Chargers,FS,64
Nick Niemann,Chargers,MLB,64
Tre' McKitty,Chargers,TE,64
Brycen Hopkins,Rams,TE,64
Dont'e Deayon,Rams,CB,64
Earnest Brown IV,Rams,RE,64
J.R. Reed,Rams,FS,64
Justin Lawler,Rams,LOLB,64
Javaris Davis,Dolphins,CB,64
Jordan Scarlett,Dolphins,HB,64
James Lynch,Vikings,DT,64
Janarius Robinson,Vikings,LE,64
Jaylen Twyman,Vikings,DT,64
Kenny Willekes,Vikings,RE,64
Matt LaCosse,Patriots,TE,64
Matthew Slater,Patriots,WR,64
Myles Bryant,Patriots,CB,64
Nick Thurman,Patriots,DT,64
Ronnie Perkins,Patriots,ROLB,64
Kaden Elliss,Saints,LOLB,64
Lil'Jordan Humphrey,Saints,WR,64
Cam Brown,Giants,ROLB,64
Gary Brightwell,Giants,HB,64
Kenny Wiggins,Giants,RG,64
Niko Lalos,Giants,LOLB,64
Rodarius Williams,Giants,CB,64
Kenny Yeboah,Jets,TE,64
Noah Dawkins,Jets,LOLB,64
Trevon Wesco,Jets,TE,64
Craig James,Eagles,CB,64
Grayland Arnold,Eagles,SS,64
JaCoby Stevens,Eagles,SS,64
Jason Croom,Eagles,TE,64
Joe Ostman,Eagles,LE,64
Michael Jacquet III,Eagles,CB,64
Michael Walker,Eagles,WR,64
Aviante Collins,Steelers,RG,64
Chukwuma Okorafor,Steelers,LT,64
Demarcus Christmas,Steelers,DT,64
Henry Mondeaux,Steelers,LE,64
James Pierre,Steelers,CB,64
Quincy Roche,Steelers,ROLB,64
Trey Edmunds,Steelers,HB,64
Tim Harris,49ers,CB,64
John Ursua,Seahawks,WR,64
Nate Evans,Seahawks,ROLB,64
Chris Wilcox,Buccaneers,CB,64
Cyril Grayson Jr,Buccaneers,WR,64
Khalil Davis,Buccaneers,LE,64
Kyle Trask,Buccaneers,QB,64
Robert Hainsey,Buccaneers,RG,64
Troymaine Pope,Buccaneers,HB,64
Chris Jackson,Titans,CB,64
Cody Hollister,Titans,WR,64
Greg Mabin,Titans,CB,64
Maurice Smith,Titans,FS,64
Olasunkanmi Adeniyi,Titans,ROLB,64
Saahdiq Charles,Football Team,LG,64
Shaka Toney,Football Team,RE,64
Tyler Larsen,Football Team,C,64
David Parry,Cardinals,DT,63
Evan Weaver,Cardinals,MLB,63
Tay Gowan,Cardinals,CB,63
Adetokunbo Ogundeji,Falcons,LE,63
Christian Blake,Falcons,WR,63
Tony Brooks-James,Falcons,HB,63
Tyler Hall,Falcons,CB,63
Broderick Washington Jr,Ravens,LE,63
Chris Westry,Ravens,CB,63
Daelin Hayes,Ravens,LOLB,63
Kristian Welch,Ravens,MLB,63
Brandin Bryant,Bills,DT,63
Cam Lewis,Bills,CB,63
Tommy Sweeney,Bills,TE,63
Brandon Zylstra,Panthers,WR,63
Deonte Brown,Panthers,RG,63
Frank Herron,Panthers,DT,63
Phil Hoskins,Panthers,DT,63
Stephen Sullivan,Panthers,TE,63
J.P. Holtz,Bears,TE,63
Tre Roberson,Bears,CB,63
Keandre Jones,Bengals,ROLB,63
Trayvon Henderson,Bengals,FS,63
Wyatt Hubert,Bengals,RE,63
Brian Allen,Browns,CB,63
James Hudson III,Browns,RT,63
Jovante Moffatt,Browns,SS,63
Michael Dunn,Browns,LG,63
Francis Bernard,Cowboys,MLB,63
Israel Mukuamu,Cowboys,FS,63
Justin Hamilton,Cowboys,DT,63
Deyon Sizer,Broncos,RE,63
Kary Vincent Jr,Broncos,CB,63
P.J. Locke,Broncos,FS,63
Trey Marshall,Broncos,FS,63
Victor Bolden Jr,Lions,WR,63
Henry Black,Packers,FS,63
Royce Newman,Packers,RG,63
Shemar Jean-Charles,Packers,CB,63
Davis Mills,Texans,QB,63
Nate Hall,Texans,MLB,63
Benny LeMay,Colts,HB,63
Jacob Eason,Colts,QB,63
Julie'n Davenport,Colts,LT,63
Mike Strachan,Colts,WR,63
Robert Windsor,Colts,DT,63
Sam Tevi,Colts,LT,63
Skai Moore,Colts,MLB,63
Zaire Franklin,Colts,MLB,63
Devine Ozigbo,Jaguars,HB,63
Jalen Camp,Jaguars,WR,63
Elijah McGuire,Chiefs,HB,63
Prince Tega Wanogho,Chiefs,LT,63
Trey Smith,Chiefs,LG,63
Dallin Leavitt,Raiders,FS,63
Derek Carrier,Raiders,TE,63
Jason Moore,Chargers,WR,63
Oday Aboushi,Chargers,RG,63
Stephen Anderson,Chargers,TE,63
Jacob Harris,Rams,TE,63
Juju Hughes,Rams,FS,63
Nick Scott,Rams,SS,63
Nsimba Webster,Rams,WR,63
Trishton Jackson,Rams,WR,63
Xavier Jones,Rams,HB,63
Michael Deiter,Dolphins,C,63
Terrell Bonds,Dolphins,CB,63
Blake Proehl,Vikings,WR,63
Dakota Dozier,Vikings,LG,63
Rashod Hill,Vikings,LT,63
Cameron McGrone,Patriots,MLB,63
Andrew Dowell,Saints,MLB,63
Eric Burrell,Saints,SS,63
Chris Milton,Giants,CB,63
RJ McIntosh,Giants,RE,63
Taquan Mizzell Sr,Giants,HB,63
Del'Shawn Phillips,Jets,LOLB,63
Lawrence Cager,Jets,WR,63
Matt Pryor,Eagles,RT,63
Patrick Johnson,Eagles,LE,63
Shakial Taylor,Eagles,CB,63
Carlos Davis,Steelers,RE,63
Dwayne Haskins Jr,Steelers,QB,63
Isaiahh Loudermilk,Steelers,RE,63
Tre Norwood,Steelers,CB,63
Ulysees Gilbert III,Steelers,MLB,63
Azeez Al-Shaair,49ers,ROLB,63
Charlie Woerner,49ers,TE,63
Daeshon Hall,49ers,RE,63
Jauan Jennings,49ers,WR,63
Aashari Crosswell,Seahawks,FS,63
Bryan Mone,Seahawks,DT,63
Cedrick Lattimore,Seahawks,DT,63
Darvin Kidsy,Seahawks,WR,63
Jamarco Jones,Seahawks,RG,63
Jon Rhattigan,Seahawks,MLB,63
Nick Bellore,Seahawks,FB,63
Penny Hart,Seahawks,WR,63
Cam Gill,Buccaneers,ROLB,63
Joe Jones,Buccaneers,MLB,63
K.J. Britt,Buccaneers,MLB,63
Nate Brooks,Buccaneers,CB,63
Briley Moore,Titans,TE,63
David Quessenberry,Titans,LT,63
Larrell Murchison,Titans,RE,63
Nick Westbrook-Ikhine,Titans,WR,63
Racey McMath,Titans,WR,63
Rashad Weaver,Titans,ROLB,63
Tuzar Skipper,Titans,LOLB,63
Danny Johnson,Football Team,CB,63
Wes Martin,Football Team,RG,63
William Bradley-King,Football Team,RE,63
A.J. Richardson,Cardinals,WR,62
Antoine Wesley,Cardinals,WR,62
Jamal Carter,Cardinals,SS,62
Avery Williams,Falcons,CB,62
Drew Dalman,Falcons,C,62
Jeff Badet,Falcons,WR,62
JR Pace,Falcons,SS,62
Keith Smith,Falcons,FB,62
Clay Johnston,Panthers,ROLB,62
Omar Bayless,Panthers,WR,62
P.J. Walker,Panthers,QB,62
Alex Bars,Bears,RG,62
Artavis Pierce,Bears,HB,62
Jesper Horsted,Bears,TE,62
Brandon Wilson,Bengals,FS,62
Donnie Lewis Jr,Bengals,CB,62
Hakeem Adeniji,Bengals,LT,62
Jalen Davis,Bengals,CB,62
Thaddeus Moss,Bengals,TE,62
Trenton Irwin,Bengals,WR,62
Brandon Knight,Cowboys,LT,62
Deante Burton,Cowboys,CB,62
Josh Ball,Cowboys,LT,62
Eric Saubert,Broncos,TE,62
Jonathon Cooper,Broncos,LE,62
Parnell Motley,Broncos,CB,62
Tyrie Cleveland,Broncos,WR,62
C.J. Moore,Lions,FS,62
Logan Stenberg,Lions,LG,62
Michael Warren II,Lions,HB,62
Dominique Dafney,Packers,TE,62
Isaac Nauta,Packers,TE,62
Isaiah McDuffie,Packers,MLB,62
Andre Chachere,Colts,CB,62
E.J. Speed,Colts,ROLB,62
Jordan Smith,Jaguars,ROLB,62
Luke Farrell,Jaguars,TE,62
Austin Edwards,Chiefs,LE,62
BoPete Keyes,Chiefs,CB,62
Demone Harris,Chiefs,LE,62
Dicaprio Bootle,Chiefs,CB,62
Joshua Kaindoh,Chiefs,RE,62
Javin White,Raiders,LOLB,62
Keisean Nixon,Raiders,CB,62
Chase Daniel,Chargers,QB,62
Cortez Broughton,Chargers,LE,62
Joe Gaziano,Chargers,LE,62
Trey Pipkins III,Chargers,LT,62
Ben Skowronek,Rams,WR,62
Chris Garrett,Rams,ROLB,62
J.J. Koski,Rams,WR,62
Raymond Calais,Rams,HB,62
Brian Cole II,Dolphins,SS,62
Gerrid Doaks,Dolphins,HB,62
Jonathan Ledbetter,Dolphins,LE,62
Dylan Mabin,Vikings,CB,62
Albert Huggins Jr,Saints,DT,62
Chase Hansen,Saints,ROLB,62
Christian Ringo,Saints,DT,62
Dylan Soehner,Saints,TE,62
Garrett Griffin,Saints,TE,62
J.T. Gray,Saints,SS,62
Kawaan Baker,Saints,WR,62
Lorenzo Neal,Saints,DT,62
Shaq Smith,Saints,LOLB,62
Elerson Smith,Giants,ROLB,62
Trent Harris,Giants,LOLB,62
Bennett Jackson,Jets,FS,62
Cameron Clark,Jets,LT,62
Lamar Jackson,Jets,CB,62
Nate Herbig,Eagles,LG,62
Dan Moore Jr,Steelers,LT,62
Donovan Stiner,Steelers,SS,62
Joshua Dobbs,Steelers,QB,62
Mason Rudolph,Steelers,QB,62
Tegray Scales,Steelers,MLB,62
Zach Banner,Steelers,RT,62
Aaron Fuller,Seahawks,WR,62
Walter Palmore,Seahawks,DT,62
Antonio Hamilton,Buccaneers,CB,62
John Franklin III,Buccaneers,WR,62
Pat O'Connor,Buccaneers,RE,62
Jeremy McNichols,Titans,HB,62
Mason Kinsey,Titans,WR,62
Jared Norris,Football Team,MLB,62
Justin Phillips,Football Team,LOLB,62
Chris Streveler,Cardinals,QB,61
Colt McCoy,Cardinals,QB,61
Victor Dimukeje,Cardinals,ROLB,61
Caleb Huntley,Falcons,HB,61
Chris Williamson,Falcons,CB,61
Jaeden Graham,Falcons,TE,61
John Raine,Falcons,FB,61
Olive Sagapolu,Falcons,DT,61
LaCale London,Bears,RE,61
Ryan Nall,Bears,HB,61
Michael Jordan,Bengals,LG,61
Luke Gifford,Cowboys,MLB,61
Jonathan Harris,Broncos,LE,61
Alex Brown,Lions,CB,61
Brian Price,Lions,DT,61
Godwin Igwebuike,Lions,SS,61
Jashon Cornell,Lions,LE,61
Carlo Kemp,Packers,RE,61
Jack Heflin,Packers,LE,61
Randy Ramsey,Packers,ROLB,61
Stanford Samuels III,Packers,CB,61
Tipa Galeai,Packers,LOLB,61
Vernon Scott,Packers,SS,61
Danny Pinter,Colts,RG,61
Asmar Bilal,Raiders,MLB,61
Sam Young,Raiders,RT,61
Breiden Fehoko,Chargers,DT,61
Darius Bradwell,Chargers,HB,61
Easton Stick,Chargers,QB,61
Frederick Smith Jr,Chargers,RE,61
Jake Gervase,Rams,SS,61
Johnny Mundt,Rams,TE,61
Marquise Copeland,Rams,LE,61
Blake Lynch,Vikings,ROLB,61
Dru Samia,Vikings,RG,61
Olisaemeka Udoh,Vikings,RT,61
Zach Davidson,Vikings,TE,61
Ian Book,Saints,QB,61
Sutton Smith,Saints,FB,61
Abdullah Anderson,Steelers,DT,61
Isaiah McKoy,Steelers,WR,61
Joe Haeg,Steelers,RT,61
Miles Killebrew,Steelers,MLB,61
Stephen Denmark,Steelers,CB,61
Cedric Ogbuehi,Seahawks,RT,61
Dee Delaney,Buccaneers,CB,61
Grant Stuard,Buccaneers,MLB,61
Kobe Smith,Buccaneers,RE,61
Sam Renner,Buccaneers,LE,61
Tanner Hudson,Buccaneers,TE,61
B.J. Bello,Titans,MLB,61
Jalen Jelks,Football Team,LE,61
Keith Ismael,Football Team,C,61
Jace Whittaker,Cardinals,CB,60
Max Garcia,Cardinals,LG,60
Chris Slayton,Falcons,LE,60
Erroll Thompson,Falcons,MLB,60
Freedom Akinmoladun,Bengals,DT,60
Isaiah Prince,Bengals,RT,60
Charlie Taumoepeau,Lions,TE,60
Kevin Strong,Lions,RE,60
Niles Scott,Raiders,DT,60
Jared Goldwire,Chargers,RE,60
Eric Banks,Rams,RE,60
Kareem Orr,Rams,CB,60
Travin Howard,Rams,MLB,60
Calvin Throckmorton,Saints,RG,60
Deuce Wallace,Saints,CB,60
Chris Jones,Titans,CB,60
Woodrow Hamilton,Titans,LE,60
A.J. McCarron,Falcons,QB,59
Jake Hanson,Packers,C,59
Jonathan Garvin,Packers,ROLB,59
Brenden Jaimes,Chargers,LT,59
Cole Christiansen,Chargers,MLB,59
Donte Vaughn,Chargers,CB,59
Christian Rozeboom,Rams,MLB,59
Bryce Thompson,Saints,CB,59
Jake Lampman,Saints,WR,59
Will Clapp,Saints,C,59
Wynton McManis,Saints,ROLB,59
Myles Adams,Seahawks,DT,59
Saivion Smith,Seahawks,CB,59
Tyler Mabry,Seahawks,TE,59
Bruce Hector,Titans,RE,59
Jared Pinkney,Titans,TE,59
Alijah Holder,Lions,FS,58
Jerry Jacobs,Lions,CB,58
Jordan Simmons,Seahawks,LG,58
